ID;DATE;TIME;TYPE_OF_TRANSACTION;STATUS;PRICE;ACRONYM;DESCRIPTION
2780141007045261;2024-06-30;12:12:01;Безналичная операция;Завершено успешно;5.02;BYN;MINSKBLRWILDBERRIES.BY
2780129134045261;2024-06-30;12:06:41;Безналичная операция;Завершено успешно;41.69;BYN;G. MINSKBLR SUPERMARKET "GREEN- 23"
2780041968045261;2024-06-30;11:25:43;Безналичная операция;Завершено успешно;33.79;BYN;MINSKBLROOO LODE
2774432709045261;2024-06-28;17:54:55;Безналичная операция;Завершено успешно;6.75;BYN;MINSKBLRSHOP "SANTA-321 BAPB
2774419019045261;2024-06-28;17:51:02;Безналичная операция;Завершено успешно;7.99;BYN;MINSKBLRSHOP MILA
2772422599045261;2024-06-28;09:15:42;Безналичная операция;Завершено успешно;18.10;BYN;MINSKBLRYANDEX.GO
2770846552045261;2024-06-27;22:10:36;Безналичная операция;Завершено успешно;4.39;BYN;MINSKBLRSHOP "SANTA-321 BAPB
2770605294045261;2024-06-27;20:35:08;Безналичная операция;Завершено успешно;5.90;BYN;MINSKBLRVKUCNOE NACTROENIE
2770245286045261;2024-06-27;18:41:55;Безналичная операция;Завершено успешно;12.25;BYN;MINSKBLRSHOP "SANTA-321 BAPB
2769371628045261;2024-06-27;14:15:52;Безналичная операция;Завершено успешно;12.30;BYN;MINSKBLRRESTORAN "VASILKI"
2768385141045261;2024-06-27;09:21:49;Безналичная операция;Завершено успешно;13.30;BYN;MINSKBLRYANDEX.GO
2766203220045261;2024-06-26;18:46:50;Безналичная операция;Завершено успешно;31.39;BYN;G. MINSKBLR SUPERMARKET "GREEN- 23"
2764973460045261;2024-06-26;13:10:19;Безналичная операция;Завершено успешно;14.58;BYN;MINSKBLR SHOP N16 ZAO  POSTTORG
2764253898045261;2024-06-26;09:07:47;Безналичная операция;Завершено успешно;16.30;BYN;MINSKBLRYANDEX.GO
2761869027045261;2024-06-25;18:38:20;Безналичная операция;Завершено успешно;16.70;BYN;MINSKBLRYANDEX.GO
2759616127045261;2024-06-25;09:18:44;Безналичная операция;Завершено успешно;8.80;BYN;MINSKBLRYANDEX.GO
2757398545045261;2024-06-24;18:31:56;Безналичная операция;Завершено успешно;2.68;BYN;MINSKBLRSHOP "SANTA-321 BAPB
2756415995045261;2024-06-24;13:54:04;Безналичная операция;Завершено успешно;1.45;BYN;MINSKBLR SHOP N16 ZAO  POSTTORG
2756172078045261;2024-06-24;13:27:58;Отправление средств;Завершено успешно;10.00;BYN; ONLINE  SERVIC BLRINTERNET, TV: 00020607
2755380678045261;2024-06-24;09:07:48;Безналичная операция;Завершено успешно;16.00;BYN;MINSKBLRYANDEX.GO
2754273190045261;2024-06-23;22:42:23;Безналичная операция;Завершено успешно;42.35;BYN;MINSKBLRSHOP "SANTA-321 BAPB
2753880102045261;2024-06-23;19:32:09;Отправление средств;Завершено успешно;0.10;BYN; ONLINE  SERVIC BLR KOMMUN.PLATEGHI AIS  RA
2746721545045261;2024-06-21;16:41:20;Безналичная операция;Завершено успешно;3.29;BYN;MINSKBLRSHOP "SANTA-321 BAPB
2746689203045261;2024-06-21;16:31:24;Безналичная операция;Завершено успешно;0.54;BYN;MINSKBLRTO "ZELENAYA APTEKA"
2745375967045261;2024-06-21;11:00:00;Отправление средств;Завершено успешно;750.00;BYN; ONLINE  SERVIC BLRTRANSFERS AK AM
2745355310045261;2024-06-21;10:53:21;Поступление;Завершено успешно;556.00;BYN; ONLINE  SERVIC BLRCOU2#BZRPOSTUPLENIE
2745061597045261;2024-06-21;09:05:37;Безналичная операция;Завершено успешно;17.20;BYN;MINSKBLRYANDEX.GO
2743593978045261;2024-06-20;22:43:54;Отправление средств;Завершено успешно;5.00;BYN; ONLINE  SERVIC BLRINTERNET, TV: 00020607
2738698531045261;2024-06-19;18:36:57;Безналичная операция;Завершено успешно;20.66;BYN;G. MINSKBLR SUPERMARKET "GREEN- 23"
2737598874045261;2024-06-19;13:28:59;Безналичная операция;Завершено успешно;2.85;BYN;MINSKBLR SHOP N16 ZAO  POSTTORG
2736954203045261;2024-06-19;10:00:51;Отправление средств;Завершено успешно;18.34;BYN; ONLINE  SERVIC BLR KOMMUN.PLATEGHI AIS  RA
2736809774045261;2024-06-19;08:55:37;Безналичная операция;Завершено успешно;13.70;BYN;MINSKBLRYANDEX.GO
2734813109045261;2024-06-18;18:45:31;Безналичная операция;Завершено успешно;16.47;BYN;MINSKBLRSHOP "SANTA-321 BAPB
2732542762045261;2024-06-18;08:57:46;Безналичная операция;Завершено успешно;12.80;BYN;MINSKBLRYANDEX.GO
2730298476045261;2024-06-17;18:37:38;Безналичная операция;Завершено успешно;32.42;BYN;MINSKBLRSHOP "SANTA-321 BAPB
2729181126045261;2024-06-17;14:07:29;Отправление средств;Завершено успешно;10.00;BYN; ONLINE  SERVIC BLRINTERNET, TV: 00020607
2728983134045261;2024-06-17;13:11:38;Безналичная операция;Завершено успешно;10.55;BYN;MINSKBLR SHOP N16 ZAO  POSTTORG
2728255786045261;2024-06-17;09:07:51;Безналичная операция;Завершено успешно;1.51;BYN;MINSKBLR SHOP N16 ZAO  POSTTORG
2726955443045261;2024-06-16;21:37:26;Безналичная операция;Завершено успешно;28.90;BYN;MINSKBLRMINI-KAFE PIZZA LISITS
2723674356045261;2024-06-15;20:58:03;Безналичная операция;Завершено успешно;1.90;BYN;MINSKBLRGIPERMARKET GIPPO
2723552488045261;2024-06-15;20:09:53;Безналичная операция;Завершено успешно;12.50;BYN;MINSKBLR MINI-KAFE PADTAY- GRUPP
2719210054045261;2024-06-14;18:45:26;Безналичная операция;Завершено успешно;25.81;BYN;G. MINSKBLR SUPERMARKET "GREEN- 23"
2716673934045261;2024-06-14;09:16:14;Банкомат;Завершено успешно;15.00;BYN;MINSKBLRPOSTTORG BR.795/795 AT
2714772543045261;2024-06-13;18:53:03;Безналичная операция;Завершено успешно;7.56;BYN;G. MINSKBLR SUPERMARKET "GREEN- 23"
2714746743045261;2024-06-13;18:45:41;Безналичная операция;Завершено успешно;50.98;BYN;G. MINSKBLR MAGAZIN "NEW  YORKER"
2713604876045261;2024-06-13;13:06:56;Безналичная операция;Завершено успешно;7.29;BYN;MINSKBLR SHOP N16 ZAO  POSTTORG
2710585183045261;2024-06-12;18:46:27;Безналичная операция;Завершено успешно;22.22;BYN;G. MINSKBLR SUPERMARKET "GREEN- 23"
2709008414045261;2024-06-12;13:05:10;Безналичная операция;Завершено успешно;3.72;BYN;MINSKBLR SHOP N16 ZAO  POSTTORG
2706317915045261;2024-06-11;18:33:59;Безналичная операция;Завершено успешно;7.48;BYN;MINSKBLRSHOP "SANTA-321 BAPB
2705228610045261;2024-06-11;13:43:11;Безналичная операция;Завершено успешно;1.66;BYN;MINSKBLR SHOP N16 ZAO  POSTTORG
2705096248045261;2024-06-11;13:12:14;Безналичная операция;Завершено успешно;3.86;BYN;MINSKBLROPS MINSK-46
2704388763045261;2024-06-11;09:26:43;Отправление средств;Завершено успешно;10.00;BYN; ONLINE  SERVIC BLRINTERNET, TV: 00020607
2704333185045261;2024-06-11;09:01:47;Безналичная операция;Завершено успешно;1.56;BYN;MINSKBLRKIOSK N243 BAPB
2704329005045261;2024-06-11;08:59:39;Безналичная операция;Завершено успешно;9.60;BYN;MINSKBLRYANDEX.GO
2701836210045261;2024-06-10;18:46:21;Безналичная операция;Завершено успешно;40.00;BYN;MINSKBLR MAST-KAYA "SAM- MASTERS
2701828935045261;2024-06-10;18:44:14;Безналичная операция;Завершено успешно;22.74;BYN;MINSKBLRUNIVERSAM
2699988401045261;2024-06-10;13:08:49;Безналичная операция;Завершено успешно;8.67;BYN;MINSKBLR SHOP N16 ZAO  POSTTORG
2699095596045261;2024-06-10;08:53:52;Безналичная операция;Завершено успешно;14.30;BYN;MINSKBLRYANDEX.GO
2695497569045261;2024-06-08;20:41:07;Безналичная операция;Завершено успешно;28.90;BYN;MINSKBLRMINI-KAFE PIZZA LISITS
2693655904045261;2024-06-08;13:28:59;Отправление средств;Завершено успешно;4.13;BYN; ONLINE  SERVIC BLRINTERNET, TV: 00020607
2693655972045261;2024-06-08;13:28:59;Поступление;Завершено успешно;4.13;BYN; ONLINE  SERVIC BLRCOU2#BGMPOSTUPLENIE
2690826371045261;2024-06-07;16:52:01;Безналичная операция;Завершено успешно;7.99;BYN;MINSKBLRSHOP "SANTA-321 BAPB
2690035258045261;2024-06-07;13:05:19;Поступление;Завершено успешно;1039.30;BYN; ONLINE  SERVIC BLRCOU2#CZRPOSTUPLENIE
2689216416045261;2024-06-07;09:01:53;Безналичная операция;Завершено успешно;10.60;BYN;MINSKBLRYANDEX.GO
2687483789045261;2024-06-06;18:53:45;Безналичная операция;Завершено успешно;29.58;BYN;G. MINSKBLR SUPERMARKET "GREEN- 23"
2683939051045261;2024-06-05;18:49:24;Безналичная операция;Завершено успешно;21.81;BYN;G. MINSKBLR SUPERMARKET "GREEN- 23"
2683163164045261;2024-06-05;14:59:14;Отправление средств;Завершено успешно;5.00;BYN; ONLINE  SERVIC BLRINTERNET, TV: 00020607
2682789977045261;2024-06-05;13:04:12;Безналичная операция;Завершено успешно;8.16;BYN;MINSKBLR SHOP N16 ZAO  POSTTORG
2680289860045261;2024-06-04;18:42:08;Безналичная операция;Завершено успешно;10.80;BYN;G. MINSKBLR SUPERMARKET "GREEN- 23"
2678580672045261;2024-06-04;09:01:51;Безналичная операция;Завершено успешно;10.80;BYN;MINSKBLRYANDEX.GO
2676264747045261;2024-06-03;18:53:15;Безналичная операция;Завершено успешно;21.27;BYN;G. MINSKBLR SUPERMARKET "GREEN- 23"
2676121559045261;2024-06-03;18:06:13;Безналичная операция;Завершено успешно;51.05;BYN;MINSKBLR PT FILIAL MINSKTRANS  N
2674339325045261;2024-06-03;09:07:37;Безналичная операция;Завершено успешно;16.10;BYN;MINSKBLRYANDEX.GO
2672970901045261;2024-06-02;19:27:27;Безналичная операция;Завершено успешно;31.51;BYN;MINSKBLRSHOP "SANTA-321 BAPB
2672956403045261;2024-06-02;19:20:55;Безналичная операция;Завершено успешно;3.27;BYN;MINSKBLROOO NE SKA APTEKA 30
2664430445045261;2024-05-31;09:29:48;Отправление средств;Завершено успешно;10.00;BYN; ONLINE  SERVIC BLRINTERNET, TV: 00020607
2664354180045261;2024-05-31;08:57:48;Безналичная операция;Завершено успешно;8.60;BYN;MINSKBLRYANDEX.GO
2662464380045261;2024-05-30;18:55:56;Безналичная операция;Завершено успешно;20.61;BYN;MINSKBLRUNIVERSAM
2662400469045261;2024-05-30;18:36:26;Безналичная операция;Завершено успешно;263.72;BYN; MINSKBLRPT APTEKA N1
2660553926045261;2024-05-30;08:53:43;Безналичная операция;Завершено успешно;14.80;BYN;MINSKBLRYANDEX.GO
2658725821045261;2024-05-29;19:03:22;Безналичная операция;Завершено успешно;25.66;BYN;MINSKBLRSHOP "SANTA-321 BAPB
2657456007045261;2024-05-29;12:38:39;Безналичная операция;Завершено успешно;6.05;BYN;MINSKBLR SHOP N16 ZAO  POSTTORG
2655175463045261;2024-05-28;19:53:09;Безналичная операция;Завершено успешно;16.15;BYN;MINSKBLRSHOP "SANTA-321 BAPB
2655058695045261;2024-05-28;19:13:02;Безналичная операция;Завершено успешно;22.20;BYN;MINSKBLRAPTEKA N21 "LKL"
2653113623045261;2024-05-28;08:57:28;Безналичная операция;Завершено успешно;10.00;BYN;MINSKBLRYANDEX.GO
2651332482045261;2024-05-27;20:01:30;Безналичная операция;Завершено успешно;28.90;BYN;MINSKBLRMINI-KAFE PIZZA LISITS
2651208353045261;2024-05-27;19:18:35;Безналичная операция;Завершено успешно;8.33;BYN;MINSKBLROOO NE SKA APTEKA 30
2647897141045261;2024-05-26;21:54:30;Отправление средств;Завершено успешно;5.00;BYN; ONLINE  SERVIC BLRINTERNET, TV: 00020607
2647594275045261;2024-05-26;19:44:30;Безналичная операция;Завершено успешно;26.54;BYN;MINSKBLRSHOP "SANTA-321 BAPB
2642618090045261;2024-05-25;09:43:31;Безналичная операция;Завершено успешно;9.90;BYN;G. MINSKBLRKAFE PAPA DONER BSB
2642605354045261;2024-05-25;09:36:57;Безналичная операция;Завершено успешно;20.47;BYN;MINSKBLROOO LODE
2639887504045261;2024-05-24;17:26:44;Отправление средств;Завершено успешно;20.00;BYN; ONLINE  SERVIC BLRSHTRAF ZA BEZBILETNIJ
2637679347045261;2024-05-24;09:01:32;Безналичная операция;Завершено успешно;11.30;BYN;MINSKBLRYANDEX.GO
2637646056045261;2024-05-24;08:42:21;Отправление средств;Завершено успешно;2.03;BYN; ONLINE  SERVIC BLRINTERNET, TV: 00020607
2637646256045261;2024-05-24;08:42:21;Поступление;Завершено успешно;2.03;BYN; ONLINE  SERVIC BLRCOU2#AGMPOSTUPLENIE
2635294203045261;2024-05-23;19:15:23;Безналичная операция;Завершено успешно;14.94;BYN;MINSKBLRSHOP "SANTA-321 BAPB
2635251004045261;2024-05-23;19:01:45;Безналичная операция;Завершено успешно;0.54;BYN;MINSKBLRAPTEKA N 16
2631900218045261;2024-05-22;19:20:01;Безналичная операция;Завершено успешно;28.90;BYN;MINSKBLRMINI-KAFE PIZZA LISITS
2630195735045261;2024-05-22;13:15:34;Безналичная операция;Завершено успешно;4.50;BYN;MINSKBLR SHOP N16 ZAO  POSTTORG
2629762244045261;2024-05-22;10:59:56;Отправление средств;Завершено успешно;5.00;BYN; ONLINE  SERVIC BLRINTERNET, TV: 00020607
2629669385045261;2024-05-22;10:25:47;Поступление;Завершено успешно;556.00;BYN; ONLINE  SERVIC BLRCOU2#AZRPOSTUPLENIE
2628006668045261;2024-05-21;18:51:54;Безналичная операция;Завершено успешно;28.83;BYN;MINSKBLRSHOP "SANTA-321 BAPB
2623996397045261;2024-05-20;18:49:32;Безналичная операция;Завершено успешно;27.68;BYN;MINSKBLRSHOP "SANTA-321 BAPB
2622808956045261;2024-05-20;13:23:00;Безналичная операция;Завершено успешно;1.70;BYN;MINSKBLR SHOP N16 ZAO  POSTTORG
2620515575045261;2024-05-19;20:57:43;Безналичная операция;Завершено успешно;18.68;BYN;MINSKBLRSHOP "SANTA-321 BAPB
2618917767045261;2024-05-19;10:31:11;Отправление средств;Завершено успешно;5.00;BYN; ONLINE  SERVIC BLRINTERNET, TV: 00020607
2616960798045261;2024-05-18;20:03:27;Безналичная операция;Завершено успешно;20.72;BYN;MINSKBLRWILDBERRIES.BY
2616568766045261;2024-05-18;17:52:02;Безналичная операция;Завершено успешно;27.65;BYN;MINSKBLRSHOP "SANTA-321 BAPB
2616536755045261;2024-05-18;17:42:16;Безналичная операция;Завершено успешно;9.02;BYN;MINSKBLROOO NE SKA APTEKA 30
2614765928045261;2024-05-18;09:03:29;Безналичная операция;Завершено успешно;11.70;BYN;MINSKBLRYANDEX.GO
2612842489045261;2024-05-17;19:45:13;Безналичная операция;Завершено успешно;28.90;BYN;MINSKBLRMINI-KAFE PIZZA LISITS
2612619468045261;2024-05-17;18:39:07;Безналичная операция;Завершено успешно;0.84;BYN;MINSKBLROPS MINSK-6
2611403271045261;2024-05-17;13:16:36;Безналичная операция;Завершено успешно;3.14;BYN;MINSKBLR SHOP N16 ZAO  POSTTORG
2610615838045261;2024-05-17;08:53:45;Безналичная операция;Завершено успешно;13.80;BYN;MINSKBLRYANDEX.GO
2608308190045261;2024-05-16;18:48:31;Безналичная операция;Завершено успешно;39.95;BYN;MINSKBLRUNIVERSAM
2608269762045261;2024-05-16;18:37:24;Безналичная операция;Завершено успешно;8.00;BYN;MINSKBLR MAST-KAYA "SAM- MASTERS
2607155866045261;2024-05-16;13:28:40;Безналичная операция;Завершено успешно;4.07;BYN;MINSKBLR SHOP N16 ZAO  POSTTORG
2604092582045261;2024-05-15;18:42:41;Безналичная операция;Завершено успешно;22.84;BYN;MINSKBLRSHOP "SANTA-321 BAPB
2602425347045261;2024-05-15;13:01:39;Безналичная операция;Завершено успешно;1.81;BYN;MINSKBLR SHOP N16 ZAO  POSTTORG
2601017043045261;2024-05-15;09:07:43;Безналичная операция;Завершено успешно;14.70;BYN;MINSKBLRYANDEX.GO
2600484011045261;2024-05-14;20:46:23;Безналичная операция;Завершено успешно;34.05;BYN;MINSKBLRSHOP "SANTA-321 BAPB
2596764260045261;2024-05-13;12:58:35;Отправление средств;Завершено успешно;2.19;BYN; ONLINE  SERVIC BLR GAZOSNABGHENIE:  574615
2596761338045261;2024-05-13;12:57:17;Отправление средств;Завершено успешно;37.29;BYN; ONLINE  SERVIC BLR ELEKTROENERGIJA (FIZ. L
2596747485045261;2024-05-13;12:51:35;Отправление средств;Завершено успешно;0.10;BYN; ONLINE  SERVIC BLR KOMMUN.PLATEGHI AIS  RA
2596747573045261;2024-05-13;12:51:35;Поступление;Завершено успешно;0.10;BYN; ONLINE  SERVIC BLRCOU2#FGMPOSTUPLENIE
2596725966045261;2024-05-13;12:42:48;Отправление средств;Завершено успешно;21.35;BYN; ONLINE  SERVIC BLR KOMMUN.PLATEGHI AIS  RA
2595112268045261;2024-05-12;20:37:03;Безналичная операция;Завершено успешно;28.00;BYN;MINSKBLR RESTORAN  "KHINKALNYA"
2590749663045261;2024-05-11;11:19:32;Безналичная операция;Завершено успешно;19.00;BYN;MINSKBLRYANDEX.GO
2590652840045261;2024-05-11;10:40:23;Отправление средств;Завершено успешно;21.71;BYN;MINSKBLR ALFA P2P TRANSFER  INSN
2587558639045261;2024-05-10;16:37:15;Безналичная операция;Завершено успешно;12.75;BYN;MINSKBLRSHOP "SANTA-321 BAPB
2585406401045261;2024-05-10;08:57:41;Безналичная операция;Завершено успешно;0.89;BYN;MINSKBLRKIOSK N243 BAPB
2585403648045261;2024-05-10;08:55:29;Безналичная операция;Завершено успешно;9.20;BYN;MINSKBLRYANDEX.GO
2583998687045261;2024-05-09;19:34:09;Безналичная операция;Завершено успешно;73.89;BYN;MINSKBLRSHOP "SANTA-321 BAPB
2580445390045261;2024-05-08;20:21:10;Безналичная операция;Завершено успешно;25.90;BYN;MINSKBLRMINI-KAFE PIZZA LISITS
2579926051045261;2024-05-08;17:32:53;Безналичная операция;Завершено успешно;8.07;BYN;MINSKBLRWILDBERRIES.BY
2579158218045261;2024-05-08;13:52:59;Поступление;Завершено успешно;1038.36;BYN; ONLINE  SERVIC BLRCOU2#CZRPOSTUPLENIE
2576732643045261;2024-05-07;20:27:14;Отправление средств;Завершено успешно;1.00;BYN; ONLINE  SERVIC BLRMTS PO N TELEFONA: 292
2576438467045261;2024-05-07;18:36:41;Безналичная операция;Завершено успешно;4.60;BYN;MINSKBLRSHOP "SANTA-321 BAPB
2576420602045261;2024-05-07;18:30:50;Получение средств;Завершено успешно;5.00;BYN; ONLINE  SERVIC BLRTRANSFERS AK AM
2575442385045261;2024-05-07;13:10:21;Отправление средств;Завершено успешно;5.00;BYN; ONLINE  SERVIC BLRTRANSFERS AK AM
2575438182045261;2024-05-07;13:08:59;Безналичная операция;Завершено успешно;5.40;BYN;MINSKBLR SHOP N16 ZAO  POSTTORG
2575434529045261;2024-05-07;13:07:44;Получение средств;Завершено успешно;5.00;BYN; ONLINE  SERVIC BLRTRANSFERS AK AM
2573363126045261;2024-05-06;19:06:25;Безналичная операция;Завершено успешно;28.90;BYN;MINSKBLRMINI-KAFE PIZZA LISITS
2571532200045261;2024-05-06;09:03:51;Безналичная операция;Завершено успешно;13.70;BYN;MINSKBLRYANDEX.GO
2570063087045261;2024-05-05;18:03:43;Безналичная операция;Завершено успешно;17.84;BYN;MINSKBLRSHOP "SANTA-321 BAPB
2570050598045261;2024-05-05;17:57:23;Безналичная операция;Завершено успешно;8.49;BYN;MINSKBLRSHOP MILA
2569954554045261;2024-05-05;17:08:30;Безналичная операция;Завершено успешно;148.86;BYN; MINSKBLRAPTEKA 16
2569947731045261;2024-05-05;17:04:57;Безналичная операция;Завершено успешно;1.16;BYN;MINSKBLRSHOP "MART INN" M-406
2569926721045261;2024-05-05;16:53:58;Безналичная операция;Завершено успешно;30.41;BYN;MINSKBLRAPTEKA 10 BSB
2569922521045261;2024-05-05;16:51:52;Безналичная операция;Завершено успешно;51.88;BYN;MINSKBLRAPTEKA 10 BSB
2569864596045261;2024-05-05;16:21:43;Безналичная операция;Завершено успешно;104.59;BYN; MINSKBLRAPTEKA 9 BSB
2569863886045261;2024-05-05;16:21:14;Получение средств;Завершено успешно;321.60;BYN; ONLINE  SERVIC BLRTRANSFERS AK AM
2569759804045261;2024-05-05;15:26:31;Безналичная операция;Завершено успешно;8.80;BYN;MINSKBLRYANDEX.GO
2567864145045261;2024-05-04;20:46:23;Безналичная операция;Завершено успешно;29.09;BYN;MINSKBLRSHOP MILA
2567848600045261;2024-05-04;20:39:02;Безналичная операция;Завершено успешно;22.16;BYN;MINSKBLRSHOP "SANTA-321 BAPB
2563716135045261;2024-05-03;17:45:40;Безналичная операция;Завершено успешно;6.81;BYN;MINSKBLRSHOP "SANTA-321 BAPB
2562638323045261;2024-05-03;13:06:13;Безналичная операция;Завершено успешно;1.38;BYN;MINSKBLR SHOP N16 ZAO  POSTTORG
2561835660045261;2024-05-03;08:57:43;Безналичная операция;Завершено успешно;7.70;BYN;MINSKBLRYANDEX.GO
2559552745045261;2024-05-02;18:52:41;Безналичная операция;Завершено успешно;30.30;BYN;MINSKBLRSHOP "SANTA-321 BAPB
2559446473045261;2024-05-02;18:19:39;Безналичная операция;Завершено успешно;51.05;BYN;MINSKBLR ST.METRO "PROLET- KAYA"
2558329861045261;2024-05-02;13:06:12;Безналичная операция;Завершено успешно;6.25;BYN;MINSKBLR SHOP N16 ZAO  POSTTORG
2556041359045261;2024-05-01;19:16:27;Безналичная операция;Завершено успешно;27.25;BYN;MINSKBLRYANDEX.EDA
2552296470045261;2024-04-30;17:39:05;Безналичная операция;Завершено успешно;4.45;BYN;MINSKBLRSHOP "SANTA-321 BAPB
2551052368045261;2024-04-30;12:12:44;Отправление средств;Завершено успешно;5.00;BYN; ONLINE  SERVIC BLRINTERNET, TV: 00020607
2550902148045261;2024-04-30;11:31:26;Отправление средств;Завершено успешно;5.00;BYN; ONLINE  SERVIC BLRA1 PO N TELEFONA: 2922
2550490132045261;2024-04-30;09:05:26;Безналичная операция;Завершено успешно;13.80;BYN;MINSKBLRYANDEX.GO
2548570610045261;2024-04-29;18:43:51;Безналичная операция;Завершено успешно;14.48;BYN;MINSKBLRSHOP "SANTA-321 BAPB
2548558372045261;2024-04-29;18:39:48;Безналичная операция;Завершено успешно;27.80;BYN;MINSKBLROOO NE SKA APTEKA 30
2547307771045261;2024-04-29;13:01:21;Безналичная операция;Завершено успешно;3.49;BYN;MINSKBLR SHOP N16 ZAO  POSTTORG
2546660232045261;2024-04-29;08:59:23;Безналичная операция;Завершено успешно;10.30;BYN;MINSKBLRYANDEX.GO
2544336066045261;2024-04-28;13:49:23;Безналичная операция;Завершено успешно;13.49;BYN;MINSKBLRRBO "BURGER KING"
2544005031045261;2024-04-28;11:33:42;Безналичная операция;Завершено успешно;1.15;BYN;MINSKBLRSHOP "EVROOPT"
2542634243045261;2024-04-27;22:52:29;Безналичная операция;Завершено успешно;0.53;BYN;MINSKBLR APTEKA N 5  "BELFARMATS
2540890589045261;2024-04-27;11:11:07;Безналичная операция;Завершено успешно;3.35;BYN;MINSKBLRSHOP "EVROOPT"
2538278574045261;2024-04-26;17:02:21;Безналичная операция;Завершено успешно;20.48;BYN;MINSKBLRSHOP "SANTA-321 BAPB
2537433173045261;2024-04-26;13:12:17;Безналичная операция;Завершено успешно;3.97;BYN;MINSKBLRSHOP "GROSHYK"
2537387957045261;2024-04-26;13:00:54;Безналичная операция;Завершено успешно;4.57;BYN;MINSKBLR SHOP N16 ZAO  POSTTORG
2534651174045261;2024-04-25;18:54:32;Безналичная операция;Завершено успешно;13.77;BYN;MINSKBLRSHOP "SANTA-321 BAPB
2533346027045261;2024-04-25;13:06:29;Безналичная операция;Завершено успешно;9.86;BYN;MINSKBLR SHOP N16 ZAO  POSTTORG
2530663579045261;2024-04-24;18:54:11;Безналичная операция;Завершено успешно;28.87;BYN;MINSKBLRSHOP "SANTA-321 BAPB
2528894238045261;2024-04-24;09:08:03;Безналичная операция;Завершено успешно;14.30;BYN;MINSKBLRYANDEX.GO
2527484938045261;2024-04-23;20:43:26;Безналичная операция;Завершено успешно;25.90;BYN;MINSKBLRMINI-KAFE PIZZA LISITS
2527164590045261;2024-04-23;18:47:50;Безналичная операция;Завершено успешно;9.81;BYN;MINSKBLRSHOP "SANTA-321 BAPB
2526065827045261;2024-04-23;13:06:56;Безналичная операция;Завершено успешно;7.91;BYN;MINSKBLR SHOP N16 ZAO  POSTTORG
2524164283045261;2024-04-23;00:06:32;Отправление средств;Завершено успешно;100.00;BYN; ONLINE  SERVIC BLRTRANSFERS AK AM
2523570718045261;2024-04-22;18:52:50;Безналичная операция;Завершено успешно;5.68;BYN;MINSKBLRSHOP "SANTA-321 BAPB
2523538333045261;2024-04-22;18:42:15;Безналичная операция;Завершено успешно;26.70;BYN;MINSKBLR PT APTEKA N12 PYATOJ  K
2522587594045261;2024-04-22;14:39:04;Поступление;Завершено успешно;556.00;BYN; ONLINE  SERVIC BLRCOU2#HZRPOSTUPLENIE
2521576684045261;2024-04-22;08:57:44;Безналичная операция;Завершено успешно;14.40;BYN;MINSKBLRYANDEX.GO
2519864375045261;2024-04-21;16:58:23;Безналичная операция;Завершено успешно;75.54;BYN;MINSKBLRSHOP "SANTA-321 BAPB
2516198918045261;2024-04-20;12:54:36;Безналичная операция;Завершено успешно;28.80;BYN;MINSKBLRAPTEKA N 7
2516186265045261;2024-04-20;12:50:14;Безналичная операция;Завершено успешно;4.96;BYN;MINSKBLRWILDBERRIES.BY
2516166585045261;2024-04-20;12:43:32;Безналичная операция;Завершено успешно;8.83;BYN;MINSKBLRSHOP "SANTA-321 BAPB
2515750697045261;2024-04-20;09:57:15;Банкомат;Завершено успешно;5.00;BYN;MINSKBLRBR.527/100 BR.795/795
2513618955045261;2024-04-19;18:37:30;Банкомат;Завершено успешно;40.00;BYN;MINSKBLRBR.527/100 BR.795/795
2512396300045261;2024-04-19;13:11:12;Безналичная операция;Завершено успешно;6.55;BYN;MINSKBLR SHOP N16 ZAO  POSTTORG
2511481551045261;2024-04-19;09:04:05;Безналичная операция;Завершено успешно;11.80;BYN;MINSKBLRYANDEX.GO
2509640621045261;2024-04-18;18:45:21;Безналичная операция;Завершено успешно;25.04;BYN;MINSKBLRUNIVERSAM
2507848827045261;2024-04-18;08:59:27;Безналичная операция;Завершено успешно;10.40;BYN;MINSKBLRYANDEX.GO
2505982142045261;2024-04-17;18:46:51;Безналичная операция;Завершено успешно;15.00;BYN;MINSKBLRSHOP "SANTA-321 BAPB
2504825855045261;2024-04-17;13:05:14;Безналичная операция;Завершено успешно;1.78;BYN;MINSKBLR SHOP N16 ZAO  POSTTORG
2502663236045261;2024-04-16;20:58:03;Безналичная операция;Завершено успешно;17.31;BYN;MINSKBLRSHOP "SANTA-321 BAPB
2501105205045261;2024-04-16;13:07:56;Безналичная операция;Завершено успешно;4.27;BYN;MINSKBLR SHOP N16 ZAO  POSTTORG
2500383379045261;2024-04-16;09:03:24;Безналичная операция;Завершено успешно;14.70;BYN;MINSKBLRYANDEX.GO
2498327490045261;2024-04-15;18:44:09;Безналичная операция;Завершено успешно;17.70;BYN;MINSKBLRSHOP "SANTA-321 BAPB
2498098217045261;2024-04-15;17:42:38;Отправление средств;Завершено успешно;28.07;BYN; ONLINE  SERVIC BLR KOMMUN.PLATEGHI AIS  RA
2495943525045261;2024-04-15;08:59:43;Безналичная операция;Завершено успешно;9.50;BYN;MINSKBLRYANDEX.GO
2494266631045261;2024-04-14;17:28:39;Безналичная операция;Завершено успешно;18.17;BYN;MINSKBLRSHOP "SANTA-321 BAPB
2494163560045261;2024-04-14;16:44:38;Безналичная операция;Завершено успешно;19.80;BYN;G. MINSKBLRKAFE PAPA DONER BSB
2491818328045261;2024-04-13;22:38:44;Безналичная операция;Завершено успешно;29.54;BYN;MINSKBLRSHOP "SANTA-321 BAPB
2488205819045261;2024-04-12;20:52:17;Безналичная операция;Завершено успешно;1.56;BYN;MINSKBLRSHOP "EUROOPT PRIME"
2487981238045261;2024-04-12;19:42:08;Безналичная операция;Завершено успешно;13.00;BYN;MINSKBLR MINI-KAFE PADTAY- GRUPP
2487436163045261;2024-04-12;17:10:52;Безналичная операция;Завершено успешно;2.04;BYN;MINSKBLR SHOP N16 ZAO  POSTTORG
2482369309045261;2024-04-11;13:06:41;Безналичная операция;Завершено успешно;9.06;BYN;MINSKBLR SHOP N16 ZAO  POSTTORG
2481573551045261;2024-04-11;08:57:58;Безналичная операция;Завершено успешно;12.10;BYN;MINSKBLRYANDEX.GO
2479399296045261;2024-04-10;18:35:04;Безналичная операция;Завершено успешно;13.32;BYN;MINSKBLRSHOP "SANTA-321 BAPB
2478087218045261;2024-04-10;13:05:17;Безналичная операция;Завершено успешно;5.87;BYN;MINSKBLR SHOP N16 ZAO  POSTTORG
2475376623045261;2024-04-09;18:46:31;Безналичная операция;Завершено успешно;61.98;BYN;MINSKBLRSHOP N24"TVOE" BPSB
2471903367045261;2024-04-08;18:58:08;Безналичная операция;Завершено успешно;37.66;BYN;MINSKBLRSHOP "SANTA-321 BAPB
2470840126045261;2024-04-08;13:39:30;Безналичная операция;Завершено успешно;6.26;BYN;MINSKBLR SHOP N16 ZAO  POSTTORG
2470807114045261;2024-04-08;13:28:30;Поступление;Завершено успешно;669.12;BYN; ONLINE  SERVIC BLRCOU2#GZRPOSTUPLENIE
2470117803045261;2024-04-08;09:05:40;Безналичная операция;Завершено успешно;10.90;BYN;MINSKBLRYANDEX.GO
2470094803045261;2024-04-08;08:49:16;Получение средств;Завершено успешно;10.01;BYN; ONLINE  SERVIC BLRTRANSFERS AK AM
2468969887045261;2024-04-07;20:08:42;Безналичная операция;Завершено успешно;12.53;BYN;MINSKBLRSHOP "SANTA-321 BAPB
2462743992045261;2024-04-05;17:43:54;Безналичная операция;Завершено успешно;11.93;BYN;MINSKBLRSHOP "SANTA-321 BAPB
2461779397045261;2024-04-05;13:08:28;Безналичная операция;Завершено успешно;9.60;BYN;MINSKBLR SHOP N16 ZAO  POSTTORG
2459280739045261;2024-04-04;18:43:08;Безналичная операция;Завершено успешно;5.96;BYN;MINSKBLRSHOP "SANTA-321 BAPB
2456253767045261;2024-04-03;21:05:34;Безналичная операция;Завершено успешно;16.32;BYN;MINSKBLRSHOP "SANTA-321 BAPB
2456168590045261;2024-04-03;20:24:03;Безналичная операция;Завершено успешно;174.31;BYN; MINSKBLRSTOMAT.KLINIKA BAPB
2456167603045261;2024-04-03;20:23:39;Получение средств;Завершено успешно;161.80;BYN; ONLINE  SERVIC BLRTRANSFERS AK AM
2455097407045261;2024-04-03;13:31:31;Безналичная операция;Завершено успешно;6.80;BYN;MINSKBLR SHOP N16 ZAO  POSTTORG
2454339359045261;2024-04-03;08:37:14;Безналичная операция;Завершено успешно;51.05;BYN;MINSKBLR PT FILIAL MINSKTRANS  N
2452446805045261;2024-04-02;19:01:42;Безналичная операция;Завершено успешно;11.89;BYN;MINSKBLRSHOP "SANTA-321 BAPB
2452422705045261;2024-04-02;18:53:03;Получение средств;Завершено успешно;140.00;BYN; ONLINE  SERVIC BLRERIP PAY
2445363479045261;2024-03-31;19:15:54;Безналичная операция;Завершено успешно;14.00;BYN;MINSKBLRSHOP "SANTA 321"
2445342329045261;2024-03-31;19:06:43;Получение средств;Завершено успешно;11.00;BYN; ONLINE  SERVIC BLRTRANSFERS AK AM
2442798319045261;2024-03-30;20:25:23;Безналичная операция;Завершено успешно;4.73;BYN;MINSKBLRSHOP "SANTA-321 BAPB
2442795923045261;2024-03-30;20:24:26;Получение средств;Завершено успешно;5.00;BYN; ONLINE  SERVIC BLRTRANSFERS AK AM
2439004380045261;2024-03-29;17:18:23;Отправление средств;Завершено успешно;0.10;BYN; ONLINE  SERVIC BLR KOMMUN.PLATEGHI AIS  RA
2435967002045261;2024-03-28;20:54:57;Безналичная операция;Завершено успешно;7.90;BYN;MINSKBLRKAFE PAPA DONER BSB
2435629207045261;2024-03-28;18:50:25;Безналичная операция;Завершено успешно;6.50;BYN;MINSKBLRTHE COFFEE ROOM
2434687562045261;2024-03-28;13:22:52;Безналичная операция;Завершено успешно;11.53;BYN;MINSKBLR SHOP N16 ZAO  POSTTORG
2432149025045261;2024-03-27;18:38:06;Безналичная операция;Завершено успешно;8.97;BYN;MINSKBLRSHOP "SANTA-321 BAPB
2430467573045261;2024-03-27;09:03:39;Безналичная операция;Завершено успешно;7.70;BYN;MINSKBLRYANDEX.GO
2430443616045261;2024-03-27;08:47:37;Отправление средств;Завершено успешно;20.00;BYN; ONLINE  SERVIC BLRMTS PO N TELEFONA: 297
2428753645045261;2024-03-26;19:28:40;Безналичная операция;Завершено успешно;5.09;BYN;MINSKBLRSHOP "SANTA-321 BAPB
2428751933045261;2024-03-26;19:27:59;Безналичная операция;Завершено успешно;7.32;BYN;MINSKBLRSHOP "SANTA-321 BAPB
2428742070045261;2024-03-26;19:24:37;Безналичная операция;Завершено успешно;0.90;BYN;BLRBLR TRANSPORT  PAYBYCARD.BY
2428592944045261;2024-03-26;18:35:05;Безналичная операция;Завершено успешно;3.77;BYN;MINSKBLRWILDBERRIES.BY
2426858635045261;2024-03-26;09:01:48;Безналичная операция;Завершено успешно;7.80;BYN;MINSKBLRYANDEX.GO
2425314310045261;2024-03-25;20:45:15;Отправление средств;Завершено успешно;1.75;BYN; ONLINE  SERVIC BLRA1 PO N TELEFONA: 2922
2425310246045261;2024-03-25;20:43:46;Поступление;Завершено успешно;0.62;BYN; ONLINE  SERVIC BLRCOU2#KGMPOSTUPLENIE
2425310159045261;2024-03-25;20:43:45;Отправление средств;Завершено успешно;0.62;BYN; ONLINE  SERVIC BLRA1 PO N TELEFONA: 2922
2424922760045261;2024-03-25;18:40:16;Безналичная операция;Завершено успешно;21.11;BYN;MINSKBLRSHOP "SANTA-321 BAPB
2421732266045261;2024-03-24;22:41:46;Безналичная операция;Завершено успешно;11.22;BYN;MINSKBLRSHOP "SANTA-321 BAPB
2421453914045261;2024-03-24;20:02:20;Безналичная операция;Завершено успешно;11.50;BYN;MINSKBLR MINI-KAFE PADTAY- GRUPP
2418908258045261;2024-03-23;21:29:55;Безналичная операция;Завершено успешно;24.58;BYN;MINSKBLRSHOP "SANTA-321 BAPB
2417458380045261;2024-03-23;11:52:25;Отправление средств;Завершено успешно;2.87;BYN; ONLINE  SERVIC BLR GAZOSNABGHENIE:  574615
2415420712045261;2024-03-22;18:53:59;Отправление средств;Завершено успешно;24.61;BYN; ONLINE  SERVIC BLR ELEKTROENERGIJA (FIZ. L
2415374829045261;2024-03-22;18:40:46;Безналичная операция;Завершено успешно;2.18;BYN;MINSKBLRSHOP "SANTA-321 BAPB
2414130795045261;2024-03-22;13:00:39;Поступление;Завершено успешно;187.00;BYN; ONLINE  SERVIC BLRCOU2#BZRPOSTUPLENIE
2412494051045261;2024-03-22;01:41:39;Безналичная операция;Завершено успешно;0.90;BYN;BLRBLR TRANSPORT  PAYBYCARD.BY
2411628299045261;2024-03-21;18:50:17;Безналичная операция;Завершено успешно;13.46;BYN;MINSKBLRSHOP "SANTA-321 BAPB
2411626035045261;2024-03-21;18:49:32;Получение средств;Завершено успешно;15.00;BYN; ONLINE  SERVIC BLRTRANSFERS AK AM
2411583984045261;2024-03-21;18:36:24;Безналичная операция;Завершено успешно;28.30;BYN;MINSKBLRAPTEKA N 7
2411582733045261;2024-03-21;18:36:03;Получение средств;Завершено успешно;14.00;BYN; ONLINE  SERVIC BLRTRANSFERS AK AM
2411577240045261;2024-03-21;18:34:17;Получение средств;Завершено успешно;15.00;BYN; ONLINE  SERVIC BLRTRANSFERS AK AM
2409843764045261;2024-03-21;09:03:34;Безналичная операция;Завершено успешно;13.00;BYN;MINSKBLRYANDEX.GO
2409821664045261;2024-03-21;08:49:56;Получение средств;Завершено успешно;10.00;BYN; ONLINE  SERVIC BLRTRANSFERS AK AM
2408211463045261;2024-03-20;19:37:42;Отправление средств;Завершено успешно;95.63;BYN; ONLINE  SERVIC BLR ABONENTSKAJA PLATA:  10
2408208437045261;2024-03-20;19:36:38;Получение средств;Завершено успешно;95.00;BYN; ONLINE  SERVIC BLRTRANSFERS AK AM
2408080685045261;2024-03-20;18:56:04;Безналичная операция;Завершено успешно;35.00;BYN;MINSKBLRSHOP "5 ELEMENT"
2406833000045261;2024-03-20;13:03:19;Безналичная операция;Завершено успешно;12.72;BYN;MINSKBLR SHOP N16 ZAO  POSTTORG
2406808158045261;2024-03-20;12:56:59;Отправление средств;Завершено успешно;57.97;BYN; ONLINE  SERVIC BLR KOMMUN.PLATEGHI AIS  RA
2406805080045261;2024-03-20;12:56:06;Получение средств;Завершено успешно;60.00;BYN; ONLINE  SERVIC BLRTRANSFERS AK AM
2404516803045261;2024-03-19;19:31:46;Безналичная операция;Завершено успешно;15.46;BYN;MINSKBLRSHOP "SOSEDI"
2404456734045261;2024-03-19;19:10:48;Безналичная операция;Завершено успешно;26.70;BYN;MINSKBLR PT RUP  BELFARMATSIYA A
2404414982045261;2024-03-19;18:56:28;Безналичная операция;Завершено успешно;49.00;BYN;G. MINSKBLR MAGAZIN ODEZHDY  GLORIA
2404379676045261;2024-03-19;18:45:15;Безналичная операция;Завершено успешно;63.80;BYN;MINSKBLRMAGAZIN COLINS, G.MI
2403379013045261;2024-03-19;13:12:34;Безналичная операция;Завершено успешно;1.26;BYN;MINSKBLR PT SHOP N16 POSTTORG  B
2402626798045261;2024-03-19;09:03:36;Безналичная операция;Завершено успешно;8.60;BYN;MINSKBLRYANDEX.GO
2399542637045261;2024-03-18;13:08:39;Безналичная операция;Завершено успешно;5.17;BYN;MINSKBLR PT SHOP N16 POSTTORG  B
2397238103045261;2024-03-17;17:32:03;Безналичная операция;Завершено успешно;46.00;BYN;MINSKBLRSHOP "SANTA-321 BAPB
2396338841045261;2024-03-17;11:17:58;Безналичная операция;Завершено успешно;5.00;BYN;MINSKBLRWP*WWW.E-PAY.BY
2394888109045261;2024-03-16;21:22:14;Безналичная операция;Завершено успешно;5.10;BYN;MINSKBLR RBO "N55 KFC  UNIVERSIT
2394774602045261;2024-03-16;20:29:40;Безналичная операция;Завершено успешно;1.85;BYN;MINSKBLRGIPERMARKET GIPPO
2394646057045261;2024-03-16;19:38:09;Безналичная операция;Завершено успешно;12.50;BYN;MINSKBLRPANZAROTTI
2391494577045261;2024-03-15;22:38:34;Отправление средств;Завершено успешно;1.00;BYN; ONLINE  SERVIC BLR ABONENTSKAJA PLATA:  10
2389555099045261;2024-03-15;13:49:06;Безналичная операция;Завершено успешно;31.28;BYN;MINSKBLRSHOP "SANTA-321 BAPB
2389483999045261;2024-03-15;13:33:30;Безналичная операция;Завершено успешно;2.93;BYN;MINSKBLROPS MINSK-6
2386908735045261;2024-03-14;21:00:33;Безналичная операция;Завершено успешно;13.26;BYN;MINSKBLRSHOP "SANTA-321 BAPB
2381911921045261;2024-03-13;15:30:14;Безналичная операция;Завершено успешно;25.90;BYN;MINSKBLRMINI-KAFE PIZZA LISITS
2381800813045261;2024-03-13;14:51:17;Безналичная операция;Завершено успешно;7.08;BYN;MINSKBLRAPTEKA N 7
2381747135045261;2024-03-13;14:31:44;Безналичная операция;Завершено успешно;13.00;BYN;MINSKBLR PARIKM. "GOROD  KRASOTY
2380966299045261;2024-03-13;10:19:19;Отправление средств;Завершено успешно;3.00;BYN; ONLINE  SERVIC BLR ABONENTSKAJA PLATA:  10
2377390178045261;2024-03-12;10:51:16;Безналичная операция;Завершено успешно;10.94;BYN;MINSKBLRSHOP "SANTA-321 BAPB
2371501222045261;2024-03-10;11:04:48;Отправление средств;Завершено успешно;4.00;BYN; ONLINE  SERVIC BLR ABONENTSKAJA PLATA:  10
2364323642045261;2024-03-08;00:22:21;Безналичная операция;Завершено успешно;13.51;BYN;MINSKBLR I.-SHOP"WWW.PASS.RW. BY
2364320650045261;2024-03-08;00:19:21;Безналичная операция;Завершено успешно;13.21;BYN;MINSKBLR I.-SHOP"WWW.PASS.RW. BY
2363967405045261;2024-03-07;22:29:39;Отправление средств;Завершено успешно;200.00;BYN; ONLINE  SERVIC BLRTRANSFERS AK AM
2363846317045261;2024-03-07;21:32:56;Безналичная операция;Завершено успешно;6.53;BYN;MINSKBLRSHOP "SANTA-321 BAPB
2363703489045261;2024-03-07;20:41:53;Безналичная операция;Завершено успешно;176.39;BYN; MINSKBLRSTOMAT.KLINIKA BAPB
2362517889045261;2024-03-07;15:52:10;Получение средств;Завершено успешно;20.00;BYN; ONLINE  SERVIC BLRERIP PAY
2362324277045261;2024-03-07;15:15:13;Поступление;Завершено успешно;699.28;BYN; ONLINE  SERVIC BLRCOU2#EZRPOSTUPLENIE
2361509269045261;2024-03-07;12:18:45;Отправление средств;Завершено успешно;5.00;BYN; ONLINE  SERVIC BLRTRANSFERS AK AM
2360842129045261;2024-03-07;09:05:15;Банкомат;Завершено успешно;200.00;BYN; MINSKBLRPOSTTORG BR.795/795 AT
2360839830045261;2024-03-07;09:04:35;Получение средств;Завершено успешно;200.00;BYN; ONLINE  SERVIC BLRTRANSFERS AK AM
2360829904045261;2024-03-07;09:01:50;Безналичная операция;Завершено успешно;12.70;BYN;MINSKBLRYANDEX.GO
2360780652045261;2024-03-07;08:37:04;Отправление средств;Завершено успешно;10.00;BYN; ONLINE  SERVIC BLRMTS PO N TELEFONA: 292
2358921906045261;2024-03-06;18:38:37;Безналичная операция;Завершено успешно;7.99;BYN;MINSKBLRSHOP "SANTA-321 BAPB
2355723063045261;2024-03-05;20:32:05;Безналичная операция;Завершено успешно;176.39;BYN; MINSKBLRSTOMAT.KLINIKA BAPB
2355098084045261;2024-03-05;16:48:41;Банкомат;Завершено успешно;15.00;BYN;MINSKBLRPOSTTORG BR.795/795 AT
2350710243045261;2024-03-04;13:41:09;Безналичная операция;Завершено успешно;3.29;BYN;MINSKBLR SHOP N16 ZAO  POSTTORG
2350702948045261;2024-03-04;13:38:50;Банкомат;Завершено успешно;50.00;BYN;MINSKBLRPOSTTORG BR.795/795 AT
2350579109045261;2024-03-04;12:57:45;Получение средств;Завершено успешно;322.40;BYN; ONLINE  SERVIC BLRTRANSFERS AK AM
2350566131045261;2024-03-04;12:53:24;Получение средств;Завершено успешно;50.00;BYN; ONLINE  SERVIC BLRTRANSFERS AK AM
2348737985045261;2024-03-03;19:06:22;Безналичная операция;Завершено успешно;2.90;BYN;MINSKBLRSHOP "SANTA-321 BAPB
2348734444045261;2024-03-03;19:04:46;Получение средств;Завершено успешно;5.00;BYN; ONLINE  SERVIC BLRTRANSFERS AK AM
2348729902045261;2024-03-03;19:02:37;Безналичная операция;Завершено успешно;50.86;BYN;MINSKBLRSHOP "SANTA-321 BAPB
2348726460045261;2024-03-03;19:00:59;Получение средств;Завершено успешно;20.00;BYN; ONLINE  SERVIC BLRTRANSFERS AK AM
2342192829045261;2024-03-01;16:40:30;Безналичная операция;Завершено успешно;9.65;BYN;MINSKBLRSHOP "SANTA-321 BAPB
2342101223045261;2024-03-01;16:09:42;Отправление средств;Завершено успешно;3.00;BYN; ONLINE  SERVIC BLR POPOLNENIE SCHETA:  99O
2341322428045261;2024-03-01;12:33:06;Отправление средств;Завершено успешно;10.00;BYN; ONLINE  SERVIC BLR ABONENTSKAJA PLATA:  10
2336720155045261;2024-02-29;08:39:09;Отправление средств;Завершено успешно;3.00;BYN; ONLINE  SERVIC BLR POPOLNENIE SCHETA:  99O
2335436215045261;2024-02-28;18:57:24;Безналичная операция;Завершено успешно;25.94;BYN;MINSKBLRSHOP "SANTA-321 BAPB
2335373120045261;2024-02-28;18:36:02;Безналичная операция;Завершено успешно;27.80;BYN;MINSKBLRAPTEKA N11
2334434472045261;2024-02-28;13:31:10;Безналичная операция;Завершено успешно;1.70;BYN;MINSKBLR PT SHOP N16 POSTTORG  B
2333755556045261;2024-02-28;09:08:07;Безналичная операция;Завершено успешно;9.00;BYN;MINSKBLRYANDEX.GO
2332230066045261;2024-02-27;17:53:16;Безналичная операция;Завершено успешно;7.53;BYN;MINSKBLRUNIVERSAM
2331423981045261;2024-02-27;13:31:03;Безналичная операция;Завершено успешно;4.99;BYN;MINSKBLR PT SHOP N16 POSTTORG  B
2330755221045261;2024-02-27;08:59:42;Безналичная операция;Завершено успешно;9.80;BYN;MINSKBLRYANDEX.GO
2329061284045261;2024-02-26;18:40:32;Безналичная операция;Завершено успешно;9.50;BYN;MINSKBLRSHOP "SANTA-321 BAPB
2328958958045261;2024-02-26;18:05:21;Отправление средств;Завершено успешно;3.00;BYN; ONLINE  SERVIC BLR POPOLNENIE SCHETA:  99O
2327326775045261;2024-02-26;09:27:01;Безналичная операция;Завершено успешно;0.90;BYN;BLRBLR TRANSPORT  PAYBYCARD.BY
2327295769045261;2024-02-26;09:09:52;Безналичная операция;Завершено успешно;1.74;BYN;MINSKBLRKIOSK N243 BAPB
2327292004045261;2024-02-26;09:07:45;Безналичная операция;Завершено успешно;15.10;BYN;MINSKBLRYANDEX.GO
2326364832045261;2024-02-25;23:22:48;Отправление средств;Завершено успешно;10.00;BYN; ONLINE  SERVIC BLRMTS PO N TELEFONA: 292
2326080278045261;2024-02-25;20:14:32;Безналичная операция;Завершено успешно;29.48;BYN;MINSKBLRSHOP "SANTA-321 BAPB
2326059783045261;2024-02-25;20:04:42;Безналичная операция;Завершено успешно;21.46;BYN;MINSKBLROOO NE SKA APTEKA 30
2326040800045261;2024-02-25;19:55:31;Отправление средств;Завершено успешно;100.00;BYN; ONLINE  SERVIC BLRTRANSFERS AK AM
2322774781045261;2024-02-24;16:53:28;Безналичная операция;Завершено успешно;7.43;BYN;MINSKBLRSHOP "SANTA-321 BAPB
2319834413045261;2024-02-23;19:25:03;Безналичная операция;Завершено успешно;10.99;BYN;MINSKBLRRBO "BURGER KING"
2319693685045261;2024-02-23;18:42:51;Безналичная операция;Завершено успешно;8.90;BYN;MINSKBLRKARTOFFEL - PASTA BA
2317384821045261;2024-02-23;09:05:40;Безналичная операция;Завершено успешно;13.50;BYN;MINSKBLRYANDEX.GO
2315641440045261;2024-02-22;18:40:34;Безналичная операция;Завершено успешно;0.46;BYN;MINSKBLR SHOP PEREKRESTOK- CENTR
2315639683045261;2024-02-22;18:40:03;Безналичная операция;Завершено успешно;22.35;BYN;MINSKBLR SHOP PEREKRESTOK- CENTR
2314412984045261;2024-02-22;12:20:49;Поступление;Завершено успешно;374.00;BYN; ONLINE  SERVIC BLRCOU2#BZRPOSTUPLENIE
2313937848045261;2024-02-22;09:03:32;Безналичная операция;Завершено успешно;12.30;BYN;MINSKBLRYANDEX.GO
2312276911045261;2024-02-21;18:51:44;Безналичная операция;Завершено успешно;6.39;BYN;MINSKBLR SHOP PEREKRESTOK- CENTR
2310545096045261;2024-02-21;09:03:51;Безналичная операция;Завершено успешно;11.40;BYN;MINSKBLRYANDEX.GO
2308844241045261;2024-02-20;18:49:48;Безналичная операция;Завершено успешно;16.66;BYN;MINSKBLRSHOP "SANTA-321 BAPB
2306913823045261;2024-02-20;08:34:58;Отправление средств;Завершено успешно;3.00;BYN; ONLINE  SERVIC BLR POPOLNENIE SCHETA:  99O
2303619947045261;2024-02-19;13:08:47;Отправление средств;Завершено успешно;15.00;BYN; ONLINE  SERVIC BLR ABONENTSKAJA PLATA:  10
2303605214045261;2024-02-19;13:04:16;Безналичная операция;Завершено успешно;7.66;BYN;MINSKBLR PT SHOP N16 POSTTORG  B
2303032672045261;2024-02-19;08:57:26;Безналичная операция;Завершено успешно;13.60;BYN;MINSKBLRYANDEX.GO
2302200595045261;2024-02-18;19:34:31;Безналичная операция;Завершено успешно;24.40;BYN;MINSKBLRSHOP "SANTA-321 BAPB
2302141384045261;2024-02-18;19:07:44;Безналичная операция;Завершено успешно;49.21;BYN;MINSKBLR SHOP PEREKRESTOK- CENTR
2298604395045261;2024-02-17;13:37:35;Отправление средств;Завершено успешно;100.00;BYN; ONLINE  SERVIC BLRTRANSFERS AK AM
2296023980045261;2024-02-16;17:59:53;Безналичная операция;Завершено успешно;15.20;BYN;MINSKBLROOO NE SKA APTEKA 30
2295951641045261;2024-02-16;17:38:45;Безналичная операция;Завершено успешно;7.14;BYN;MINSKBLR SHOP PEREKRESTOK- CENTR
2295434257045261;2024-02-16;14:58:31;Отправление средств;Завершено успешно;18.55;BYN; ONLINE  SERVIC BLR KOMMUN.PLATEGHI AIS  RA
2288295332045261;2024-02-14;18:42:50;Безналичная операция;Завершено успешно;2.95;BYN;MINSKBLR SHOP PEREKRESTOK- CENTR
2287279160045261;2024-02-14;13:39:00;Безналичная операция;Завершено успешно;2.51;BYN;MINSKBLR PT SHOP N16 POSTTORG  B
2286503098045261;2024-02-14;08:29:32;Отправление средств;Завершено успешно;10.00;BYN; ONLINE  SERVIC BLRMTS PO N TELEFONA: 292
2284827395045261;2024-02-13;18:52:19;Безналичная операция;Завершено успешно;9.85;BYN;MINSKBLR SHOP PEREKRESTOK- CENTR
2283733694045261;2024-02-13;13:01:28;Безналичная операция;Завершено успешно;4.26;BYN;MINSKBLR PT SHOP N16 POSTTORG  B
2281274298045261;2024-02-12;18:48:12;Безналичная операция;Завершено успешно;29.48;BYN;MINSKBLRUNIVERSAM
2281229262045261;2024-02-12;18:33:27;Безналичная операция;Завершено успешно;27.24;BYN;MINSKBLRAPTEKA 12 BSB
2277981071045261;2024-02-11;18:30:20;Безналичная операция;Завершено успешно;4.78;BYN;MINSKBLRSHOP "SANTA-321 BAPB
2277957507045261;2024-02-11;18:19:33;Безналичная операция;Завершено успешно;38.41;BYN;MINSKBLRUNIVERSAM
2277886373045261;2024-02-11;17:47:23;Безналичная операция;Завершено успешно;15.88;BYN;MINSKBLRAPTEKA 51
2277226545045261;2024-02-11;13:04:54;Отправление средств;Завершено успешно;100.00;BYN; ONLINE  SERVIC BLRTRANSFERS AK AM
2271572384045261;2024-02-09;16:45:28;Безналичная операция;Завершено успешно;19.73;BYN;MINSKBLRUNIVERSAM
2268166982045261;2024-02-08;19:06:27;Отправление средств;Завершено успешно;10.00;BYN; ONLINE  SERVIC BLR ABONENTSKAJA PLATA:  10
2268094846045261;2024-02-08;18:39:19;Безналичная операция;Завершено успешно;10.79;BYN;MINSKBLRGIPPO TRADE CENTRE
2268069416045261;2024-02-08;18:30:03;Безналичная операция;Завершено успешно;15.88;BYN;MINSKBLRAPTEKA 6
2267507938045261;2024-02-08;14:52:53;Поступление;Завершено успешно;626.47;BYN; ONLINE  SERVIC BLRCOU2#BZRPOSTUPLENIE
2267124191045261;2024-02-08;12:56:31;Безналичная операция;Завершено успешно;3.29;BYN;MINSKBLR PT SHOP N16 POSTTORG  B
2266600092045261;2024-02-08;09:01:49;Безналичная операция;Завершено успешно;0.89;BYN;MINSKBLRKIOSK N243 BAPB
2264743158045261;2024-02-07;18:36:19;Безналичная операция;Завершено успешно;6.11;BYN;MINSKBLRSHOP "SANTA-321 BAPB
2264198958045261;2024-02-07;15:00:22;Отправление средств;Завершено успешно;6.00;BYN; ONLINE  SERVIC BLRMTS PO N TELEFONA: 292
2261835474045261;2024-02-06;18:44:15;Безналичная операция;Завершено успешно;5.29;BYN;MINSKBLRUNIVERSAM
2258550759045261;2024-02-05;18:41:53;Безналичная операция;Завершено успешно;31.26;BYN;MINSKBLRUNIVERSAM
2256998373045261;2024-02-05;08:53:36;Безналичная операция;Завершено успешно;9.30;BYN;MINSKBLRYANDEX.GO
2256164870045261;2024-02-04;21:23:43;Безналичная операция;Завершено успешно;19.17;BYN;MINSKBLRSHOP "SANTA-321 BAPB
2253331171045261;2024-02-03;18:45:19;Безналичная операция;Завершено успешно;3.80;BYN;MINSKBLRTO N 4 / "BELVIDEOPROK
2253011832045261;2024-02-03;16:21:14;Безналичная операция;Завершено успешно;28.60;BYN;MINSKBLR PIZZERIYA "PIZZA  TEMPO
2250142236045261;2024-02-02;18:45:55;Безналичная операция;Завершено успешно;9.27;BYN;MINSKBLRSHOP "SANTA-321 BAPB
2250118672045261;2024-02-02;18:38:02;Безналичная операция;Завершено успешно;7.39;BYN;MINSKBLRSHOP MILA
2248436321045261;2024-02-02;08:54:29;Безналичная операция;Завершено успешно;6.00;BYN;MINSKBLRYANDEX.GO
2248434302045261;2024-02-02;08:52:42;Получение средств;Завершено успешно;134.23;BYN; ONLINE  SERVIC BLRTRANSFERS AK AM
2246576608045261;2024-02-01;18:48:56;Безналичная операция;Завершено успешно;11.15;BYN;MINSKBLRSHOP "SANTA 321"
2245668132045261;2024-02-01;13:14:54;Безналичная операция;Завершено успешно;4.10;BYN;MINSKBLR PT SHOP N16 POSTTORG  B
2243481814045261;2024-01-31;18:49:51;Безналичная операция;Завершено успешно;8.26;BYN;MINSKBLRSHOP "SANTA-321 BAPB
2243396465045261;2024-01-31;18:19:13;Безналичная операция;Завершено успешно;11.70;BYN;MINSKBLRAPTEKA 2
2241879005045261;2024-01-31;10:24:35;Отправление средств;Завершено успешно;5.00;BYN; ONLINE  SERVIC BLRMTS PO N TELEFONA: 292
2240650782045261;2024-01-30;19:48:06;Безналичная операция;Завершено успешно;25.90;BYN;MINSKBLRMINI-KAFE PIZZA LISITS
2240557772045261;2024-01-30;19:09:27;Безналичная операция;Завершено успешно;17.74;BYN;MINSKBLROOO NE SKA APTEKA 30
2240525368045261;2024-01-30;18:56:43;Безналичная операция;Завершено успешно;22.70;BYN;MINSKBLRUNIVERSAM
2240136736045261;2024-01-30;16:29:41;Поступление;Завершено успешно;0.10;BYN; ONLINE  SERVIC BLRCOU2#CGMPOSTUPLENIE
2240136655045261;2024-01-30;16:29:35;Отправление средств;Завершено успешно;0.10;BYN; ONLINE  SERVIC BLR EDINIJ  IMUSCHESTVENNIJ
2240116485045261;2024-01-30;16:21:02;Отправление средств;Завершено успешно;2.72;BYN; ONLINE  SERVIC BLR EDINIJ  IMUSCHESTVENNIJ
2239670898045261;2024-01-30;13:34:16;Безналичная операция;Завершено успешно;3.79;BYN;MINSKBLR PT SHOP N16 POSTTORG  B
2237501784045261;2024-01-29;19:56:12;Безналичная операция;Завершено успешно;432.78;BYN; MINSKBLRSTOMAT.KLINIKA BAPB
2237367225045261;2024-01-29;18:56:45;Получение средств;Завершено успешно;500.00;BYN; ONLINE  SERVIC BLRTRANSFERS AK AM
2235893459045261;2024-01-29;10:20:04;Безналичная операция;Завершено успешно;6.50;BYN;MINSKBLROOO MOLTOGUSTO
2235879440045261;2024-01-29;10:12:36;Безналичная операция;Завершено успешно;2.79;BYN;MINSKBLR SUPERMARKET "GREEN"  BA
2235757250045261;2024-01-29;09:03:15;Безналичная операция;Завершено успешно;15.60;BYN;MINSKBLRYANDEX.GO
2234730891045261;2024-01-28;20:13:13;Безналичная операция;Завершено успешно;13.83;BYN;MINSKBLRSHOP "SANTA-277" BAPB
2234704698045261;2024-01-28;19:58:42;Безналичная операция;Завершено успешно;27.35;BYN;MINSKBLRPT OOO BELLEROFON
2228967277045261;2024-01-26;18:00:09;Безналичная операция;Завершено успешно;6.90;BYN;MINSKBLRSHOP "SANTA-321 BAPB
2227345176045261;2024-01-26;09:06:21;Безналичная операция;Завершено успешно;14.00;BYN;MINSKBLRYANDEX.GO
2225973354045261;2024-01-25;19:11:56;Безналичная операция;Завершено успешно;27.25;BYN;MINSKBLRUNIVERSAM
2223910733045261;2024-01-25;08:51:36;Безналичная операция;Завершено успешно;16.40;BYN;MINSKBLRYANDEX.GO
2223899260045261;2024-01-25;08:41:24;Отправление средств;Завершено успешно;10.00;BYN; ONLINE  SERVIC BLRMTS PO N TELEFONA: 292
2222409792045261;2024-01-24;18:42:24;Безналичная операция;Завершено успешно;15.88;BYN;MINSKBLRAPTEKA 2
2220847520045261;2024-01-24;08:41:10;Безналичная операция;Завершено успешно;11.70;BYN;MINSKBLRYANDEX.GO
2219845281045261;2024-01-23;22:30:42;Отправление средств;Завершено успешно;2.19;BYN; ONLINE  SERVIC BLR GAZOSNABGHENIE:  574615
2219680030045261;2024-01-23;20:46:43;Безналичная операция;Завершено успешно;32.85;BYN;MINSKBLRSHOP "EUROOPT PRIME"
2219628005045261;2024-01-23;20:22:24;Безналичная операция;Завершено успешно;344.78;BYN; MINSKBLRSTOMAT.KLINIKA BAPB
2219381361045261;2024-01-23;18:42:56;Получение средств;Завершено успешно;313.10;BYN; ONLINE  SERVIC BLRTRANSFERS AK AM
2218516784045261;2024-01-23;13:21:09;Безналичная операция;Завершено успешно;1.70;BYN;MINSKBLR PT SHOP N16 POSTTORG  B
2216264491045261;2024-01-22;18:57:53;Безналичная операция;Завершено успешно;42.92;BYN;MINSKBLRSHOP "SANTA-321 BAPB
2215192995045261;2024-01-22;13:42:16;Поступление;Завершено успешно;250.00;BYN; ONLINE  SERVIC BLRCOU2#GZRPOSTUPLENIE
2213250147045261;2024-01-21;19:05:26;Безналичная операция;Завершено успешно;19.82;BYN;MINSKBLRUNIVERSAM
2211416208045261;2024-01-21;02:26:34;Безналичная операция;Завершено успешно;0.90;BYN;BLRBLR TRANSPORT  PAYBYCARD.BY
2210916651045261;2024-01-20;20:45:29;Отправление средств;Завершено успешно;29.26;BYN; ONLINE  SERVIC BLR ELEKTROENERGIJA (FIZ. L
2210806544045261;2024-01-20;19:52:05;Безналичная операция;Завершено успешно;11.20;BYN;MINSKBLRBELVILLESDEN
2210787206045261;2024-01-20;19:42:56;Безналичная операция;Завершено успешно;15.88;BYN;MINSKBLRAPTEKA 2
2205701327045261;2024-01-19;09:37:58;Банкомат;Завершено успешно;20.00;BYN;MINSKBLRPOSTTORG BR.795/795 AT
2203980690045261;2024-01-18;18:56:47;Безналичная операция;Завершено успешно;22.90;BYN;MINSKBLRSHOP "SANTA-321 BAPB
2203869738045261;2024-01-18;18:17:40;Безналичная операция;Завершено успешно;51.05;BYN;MINSKBLR ST.METRO "TRAKTOR.Z- D"
2202961333045261;2024-01-18;13:22:42;Безналичная операция;Завершено успешно;3.00;BYN;MINSKBLR PT SHOP N16 POSTTORG  B
2202833514045261;2024-01-18;13:11:28;Безналичная операция;Завершено успешно;3.96;BYN;MINSKBLRSHOP "EVROOPT"
2201689212045261;2024-01-18;01:59:48;Отправление средств;Завершено успешно;25.16;BYN; ONLINE  SERVIC BLR ABONENTSKAJA PLATA:  10
2201680743045261;2024-01-18;01:37:58;Отправление средств;Завершено успешно;10.00;BYN; ONLINE  SERVIC BLRMTS PO N TELEFONA: 292
2199809451045261;2024-01-17;13:55:08;Безналичная операция;Завершено успешно;22.11;BYN;MINSKBLRUNIVERSAM
2194902420045261;2024-01-15;23:50:04;Безналичная операция;Завершено успешно;24.90;BYN;MINSKBLRMINI-KAFE PIZZA LISITS
2193067483045261;2024-01-15;13:52:33;Безналичная операция;Завершено успешно;2.69;BYN;MINSKBLRUNIVERSAM
2193026124045261;2024-01-15;13:42:51;Безналичная операция;Завершено успешно;20.39;BYN;MINSKBLRAPTEKA N 16
2191167080045261;2024-01-14;21:40:27;Отправление средств;Завершено успешно;38.46;BYN; ONLINE  SERVIC BLR KOMMUN.PLATEGHI AIS  RA
2191106201045261;2024-01-14;21:00:35;Безналичная операция;Завершено успешно;18.04;BYN;MINSKBLRUNIVERSAM
2188681782045261;2024-01-13;21:41:32;Безналичная операция;Завершено успешно;9.70;BYN;MINSKBLR KAFETERIY "MARCONI"  BA
2188151444045261;2024-01-13;17:30:35;Безналичная операция;Завершено успешно;30.83;BYN;MINSKBLR SHOP PEREKRESTOK- CENTR
2188056333045261;2024-01-13;16:52:58;Безналичная операция;Завершено успешно;13.00;BYN;MINSKBLR PARIKM. "GOROD  KRASOTY
2185241554045261;2024-01-12;20:02:45;Безналичная операция;Завершено успешно;20.80;BYN;MINSKBLRSHOP "SANTA-321 BAPB
2185223223045261;2024-01-12;19:55:45;Безналичная операция;Завершено успешно;29.24;BYN;MINSKBLROOO NE SKA APTEKA 30
2180096844045261;2024-01-11;12:06:52;Безналичная операция;Завершено успешно;10.66;BYN;MINSKBLRUNIVERSAM
2180061079045261;2024-01-11;11:53:47;Безналичная операция;Завершено успешно;18.46;BYN;MINSKBLRAPTEKA N15 "LKL"
2179899001045261;2024-01-11;10:49:00;Безналичная операция;Завершено успешно;2.99;BYN;MINSKBLRSHOP "SANTA-321 BAPB
2179868745045261;2024-01-11;10:35:53;Безналичная операция;Завершено успешно;0.70;BYN;MINSKBLRAPTEKA N 16
2175972613045261;2024-01-10;08:59:34;Безналичная операция;Завершено успешно;16.40;BYN;MINSKBLRYANDEX.GO
2174526484045261;2024-01-09;19:23:50;Безналичная операция;Завершено успешно;23.22;BYN;MINSKBLRUNIVERSAM
2174448612045261;2024-01-09;18:50:45;Безналичная операция;Завершено успешно;14.99;BYN;MINSKBLRSHOP "SANTA-321 BAPB
2173037838045261;2024-01-09;09:01:27;Безналичная операция;Завершено успешно;0.89;BYN;MINSKBLRKIOSK N243 BAPB
2173035071045261;2024-01-09;08:59:27;Безналичная операция;Завершено успешно;14.50;BYN;MINSKBLRYANDEX.GO
2171617473045261;2024-01-08;19:26:04;Безналичная операция;Завершено успешно;20.02;BYN;MINSKBLRSHOP "SANTA-321 BAPB
2171522214045261;2024-01-08;18:42:42;Безналичная операция;Завершено успешно;22.80;BYN;MINSKBLRTRIOMED CLUB
2171356467045261;2024-01-08;18:24:35;Безналичная операция;Завершено успешно;15.20;BYN;MINSKBLRYANDEX.GO
2170133409045261;2024-01-08;13:17:27;Поступление;Завершено успешно;437.36;BYN; ONLINE  SERVIC BLRCOU2#EZRPOSTUPLENIE
2169448747045261;2024-01-08;08:59:47;Безналичная операция;Завершено успешно;21.10;BYN;MINSKBLRYANDEX.GO
2168400914045261;2024-01-07;16:52:06;Безналичная операция;Завершено успешно;27.20;BYN;MINSKBLRAPTEKA 12 BSB
2168386604045261;2024-01-07;16:44:04;Безналичная операция;Завершено успешно;33.19;BYN;MINSKBLRUNIVERSAM
2168251743045261;2024-01-07;15:28:27;Безналичная операция;Завершено успешно;18.10;BYN;MINSKBLRSHOP "SANTA-321 BAPB
2168054501045261;2024-01-07;13:38:06;Отправление средств;Завершено успешно;10.00;BYN; ONLINE  SERVIC BLRMTS PO N TELEFONA: 292
2164400067045261;2024-01-05;20:19:56;Безналичная операция;Завершено успешно;24.90;BYN;MINSKBLRMINI-KAFE PIZZA LISITS
2164090453045261;2024-01-05;18:14:12;Безналичная операция;Завершено успешно;4.77;BYN;MINSKBLRSHOP "SANTA-321 BAPB
2164054389045261;2024-01-05;18:01:05;Безналичная операция;Завершено успешно;34.85;BYN;MINSKBLRWILDBERRIES.BY
2163185658045261;2024-01-05;13:13:53;Безналичная операция;Завершено успешно;12.70;BYN;MINSKBLRSHOP "EVROOPT"
2162605699045261;2024-01-05;08:53:52;Безналичная операция;Завершено успешно;1.74;BYN;MINSKBLRKIOSK N243 BAPB
2162603924045261;2024-01-05;08:51:33;Безналичная операция;Завершено успешно;15.70;BYN;MINSKBLRYANDEX.GO
2161248755045261;2024-01-04;21:31:23;Безналичная операция;Завершено успешно;5.34;BYN;MINSKBLRAPTEKA N18
2161119449045261;2024-01-04;20:12:45;Безналичная операция;Завершено успешно;9.70;BYN;MINSKBLRFIRM.SHOP N68
2161066758045261;2024-01-04;19:45:26;Безналичная операция;Завершено успешно;5.20;BYN;MINSKBLR RBO RESTORAN N40 KFC  P
2160977972045261;2024-01-04;19:03:24;Безналичная операция;Завершено успешно;12.90;BYN;MINSKBLRPANZAROTTI
2160952558045261;2024-01-04;18:51:54;Безналичная операция;Завершено успешно;1.99;BYN;MINSKBLR GIPERMARKET  LEONARDO
2160913655045261;2024-01-04;18:35:14;Внесение наличных;Завершено успешно;70.00;BYN;MINSKBLR RECATMALF HO122  POBED
2159568942045261;2024-01-04;08:57:18;Безналичная операция;Завершено успешно;1.54;BYN;MINSKBLRKIOSK N243 BAPB
2159566059045261;2024-01-04;08:53:34;Безналичная операция;Завершено успешно;14.60;BYN;MINSKBLRYANDEX.GO
2157994964045261;2024-01-03;18:57:59;Безналичная операция;Завершено успешно;10.48;BYN;MINSKBLRD-R "OSTROV CHIST.I VK
2157975832045261;2024-01-03;18:49:12;Безналичная операция;Завершено успешно;12.77;BYN;MINSKBLRSHOP "SANTA-321 BAPB
2157964575045261;2024-01-03;18:44:05;Безналичная операция;Завершено успешно;29.24;BYN;MINSKBLROOO NE SKA APTEKA 30
2156403155045261;2024-01-03;09:33:41;Безналичная операция;Завершено успешно;61.50;BYN;MINSKBLRIN.GEN. I TSIT.NAN BEL
2155642273045261;2024-01-02;20:52:40;Безналичная операция;Завершено успешно;13.65;BYN;MINSKBLRSHOP "SANTA-321 BAPB
2155622561045261;2024-01-02;20:38:24;Банкомат;Завершено успешно;70.00;BYN;MINSKBLRBR.527/100 BR.795/795
2153351702045261;2024-01-01;15:12:49;Отправление средств;Завершено успешно;3.00;BYN; ONLINE  SERVIC BLR POPOLNENIE SCHETA:  99O
2153344888045261;2024-01-01;15:06:42;Банкомат;Завершено успешно;15.00;BYN;BARANOVICHIBLRSHOP "MARIYA" BR.802 A
2151377443045261;2023-12-31;15:13:53;Внесение наличных;Завершено успешно;420.00;BYN; BARANOVICHIBLR RECATMALF BN168  LENINA
2149157758045261;2023-12-30;19:08:16;Безналичная операция;Завершено успешно;13.51;BYN;MINSKBLR I.-SHOP"WWW.PASS.RW. BY
